{"callId":"9c4b58c68ff84e8e965c86bfa67bcbfc","errorCode":0,"apiVersion":2,"statusCode":200,"statusReason":"OK","time":"2023-01-09T16:02:29.905Z","magicLink":{"defaultLanguage":"en","urlPlaceHolder":"$url","emailTemplates":{"en":"MagicLink/en.html"}},"codeVerification":{"defaultLanguage":"en","codePlaceHolder":"$code","emailTemplates":{"en":"CodeVerification/en.html"}},"emailVerification":{"defaultLanguage":"en","emailTemplates":{"en":"EmailVerification/en.html"},"verificationEmailExpiration":86400,"autoLogin":false},"emailNotifications":{"welcomeEmailDefaultLanguage":"en","accountDeletedEmailDefaultLanguage":"en","confirmationEmailDefaultLanguage":"en"},"preferencesCenter":{"defaultLanguage":"en","emailTemplates":{"en":"LitePreferencesCenter/en.html"},"linkPlaceHolder":"$link"},"doubleOptIn":{"defaultLanguage":"en","confirmationEmailTemplates":{"ar":"DoubleOptInConfirmation/ar.html","bg":"DoubleOptInConfirmation/bg.html","ca":"DoubleOptInConfirmation/ca.html","cs":"DoubleOptInConfirmation/cs.html","da":"DoubleOptInConfirmation/da.html","de-inf":"DoubleOptInConfirmation/de-inf.html","de":"DoubleOptInConfirmation/de.html","el":"DoubleOptInConfirmation/el.html","en":"DoubleOptInConfirmation/en.html","es-inf":"DoubleOptInConfirmation/es-inf.html","es-mx":"DoubleOptInConfirmation/es-mx.html","es":"DoubleOptInConfirmation/es.html","fa":"DoubleOptInConfirmation/fa.html","fi":"DoubleOptInConfirmation/fi.html","fr-inf":"DoubleOptInConfirmation/fr-inf.html","fr":"DoubleOptInConfirmation/fr.html","he":"DoubleOptInConfirmation/he.html","hr":"DoubleOptInConfirmation/hr.html","hu":"DoubleOptInConfirmation/hu.html","id":"DoubleOptInConfirmation/id.html","it":"DoubleOptInConfirmation/it.html","ja":"DoubleOptInConfirmation/ja.html","ko":"DoubleOptInConfirmation/ko.html","ms":"DoubleOptInConfirmation/ms.html","nl-inf":"DoubleOptInConfirmation/nl-inf.html","nl":"DoubleOptInConfirmation/nl.html","no":"DoubleOptInConfirmation/no.html","pl":"DoubleOptInConfirmation/pl.html","pt-br":"DoubleOptInConfirmation/pt-br.html","pt":"DoubleOptInConfirmation/pt.html","ro":"DoubleOptInConfirmation/ro.html","ru":"DoubleOptInConfirmation/ru.html","sk":"DoubleOptInConfirmation/sk.html","sl":"DoubleOptInConfirmation/sl.html","sr":"DoubleOptInConfirmation/sr.html","sv":"DoubleOptInConfirmation/sv.html","th":"DoubleOptInConfirmation/th.html","tl":"DoubleOptInConfirmation/tl.html","tr":"DoubleOptInConfirmation/tr.html","uk":"DoubleOptInConfirmation/uk.html","vi":"DoubleOptInConfirmation/vi.html","zh-cn":"DoubleOptInConfirmation/zh-cn.html","zh-hk":"DoubleOptInConfirmation/zh-hk.html","zh-tw":"DoubleOptInConfirmation/zh-tw.html"},"nextURL":"","confirmationLinkExpiration":1209600},"passwordReset":{"defaultLanguage":"en","emailTemplates":{"en":"PasswordReset/en.html"},"requireSecurityCheck":false,"tokenExpiration":3600,"sendConfirmationEmail":false},"twoFactorAuth":{"providers":[{"name":"gigyaPhone","enabled":true}],"emailProvider":{"defaultLanguage":"en","emailTemplates":{"en":"TFAEmailVerification/en.html"}},"smsProvider":{}},"impossibleTraveler":{"defaultLanguage":"en","emailTemplates":{"en":"ImpossibleTraveler/en.html"}},"unknownLocationNotification":{"defaultLanguage":"en","emailTemplates":{"en":"<html xmlns=\"http://www.w3.org/1999/xhtml\">\r\n<head>\r\n    <META name=\"from\" content=\"Name <noreply@example.com>\" />\r\n    <META name=\"subject\" content=\"unknown-login-location\" />\r\n</head>\r\n<body style=\"font-family: Arial; font-size: 13px; line-height: 16px;\">\r\n    <div style=\"background: url('') repeat-x; width: 720px; padding:13px 0; margin:0 auto;\">\r\n        <div style=\"background: #fff; border-radius: 3px; margin: 0 auto; width: 693px;\">\r\n            <div style=\"padding:30px 30px 29px;margin: 0px auto;\">\r\n                <p>Dear <b>$firstName $lastName,</b></p>\r\n                <p>We wish to inform you that your last login occurred from an unknown location.</p>\r\n\r\n                <p>$cityName, $countryName / $ipAddress</p>\r\n\r\n                <p>If this was not you click <a href=\"$pwResetLink\">here</a> to change your password now, otherwise, you can ignore this message.</p>\r\n                <p> - The <b>your-site-name</b> team</p>\r\n            </div>\r\n        </div>\r\n    </div>\r\n</body>\r\n</html>"}},"passwordResetNotification":{"defaultLanguage":"en","emailTemplates":{"en":"<html xmlns=\"http://www.w3.org/1999/xhtml\">\r\n    <head>\r\n\t\t<META name=\"from\" content=\"Name <noreply@YOUR-SITE.com>\" />\r\n\t\t<META name=\"subject\" content=\"Password Reset\" />\r\n    </head>\r\n    <body style=\"font-family: Arial; font-size: 13px; line-height: 16px;\">\r\n        <div style=\"background: url('https://cdns.gigya.com/site/images/email/background.png') repeat-x; width: 720px; padding:13px 0; margin:0 auto;\">\r\n            <div style=\"background: #fff; border-radius: 3px; margin: 0 auto; width: 693px; \">\r\n                <div style=\"padding:30px 30px 29px;margin: 0px auto;\">\r\n\t\t            <p>Hello <b>$firstName $lastName</b>,</p>\r\n                    <p>You have successfully changed your password.</p>\r\n\t\t            <p>If this was you, it's all good. If it's not, click <a href=\"$pwResetLink\">here</a> to recover your account</p>\r\n                </div>\r\n            </div>\r\n        </div>\r\n    </body>\r\n</html>\r\n\r\n\r\n"}}}