{"callId":"363d03c1096f4cffaef2d2e6d960b85e","errorCode":0,"apiVersion":2,"statusCode":200,"statusReason":"OK","time":"2023-01-09T10:49:41.485Z","magicLink":{"defaultLanguage":"en","urlPlaceHolder":"$url","emailTemplates":{"en":"MagicLink/en.html"}},"codeVerification":{"defaultLanguage":"en","codePlaceHolder":"$code","emailTemplates":{"en":"CodeVerification/en.html","fa":"CodeVerification/fa.html"}},"emailVerification":{"defaultLanguage":"en","emailTemplates":{"en":"EmailVerification/en.html"},"verificationEmailExpiration":86400,"autoLogin":false},"emailNotifications":{"welcomeEmailTemplates":{"en":"NewUserWelcome/en.html"},"welcomeEmailDefaultLanguage":"en","accountDeletedEmailTemplates":{"en":"AccountDeletionConfirmation/en.html","es":"AccountDeletionConfirmation/es.html"},"accountDeletedEmailDefaultLanguage":"en","confirmationEmailTemplates":{"en":"PasswordResetConfirmation/en.html","fr":"PasswordResetConfirmation/fr.html"},"confirmationEmailDefaultLanguage":"en"},"preferencesCenter":{"defaultLanguage":"en","emailTemplates":{"zh-hk":"LitePreferencesCenter/zh-hk.html","en":"LitePreferencesCenter/en.html"},"linkPlaceHolder":"$link"},"doubleOptIn":{"defaultLanguage":"en","confirmationEmailTemplates":{"en":"DoubleOptInConfirmation/en.html"},"nextURL":"","confirmationLinkExpiration":1209600},"passwordReset":{"defaultLanguage":"en","emailTemplates":{"en":"PasswordReset/en.html"},"requireSecurityCheck":false,"tokenExpiration":3600,"sendConfirmationEmail":false},"twoFactorAuth":{"providers":[{"name":"gigyaPhone","enabled":true}],"emailProvider":{"defaultLanguage":"en","emailTemplates":{"en":"TFAEmailVerification/en.html","nl":"TFAEmailVerification/nl.html"}},"smsProvider":{}},"impossibleTraveler":{"defaultLanguage":"en","emailTemplates":{"en":"ImpossibleTraveler/en.html"}},"unknownLocationNotification":{"defaultLanguage":"en","emailTemplates":{"en":"<html xmlns=\"http://www.w3.org/1999/xhtml\">\r\n<head>\r\n    <META name=\"from\" content=\"Name <noreply@example.com>\" />\r\n    <META name=\"subject\" content=\"unknown-login-location\" />\r\n</head>\r\n<body style=\"font-family: Arial; font-size: 13px; line-height: 16px;\">\r\n    <div style=\"background: url('') repeat-x; width: 720px; padding:13px 0; margin:0 auto;\">\r\n        <div style=\"background: #fff; border-radius: 3px; margin: 0 auto; width: 693px;\">\r\n            <div style=\"padding:30px 30px 29px;margin: 0px auto;\">\r\n                <p>Dear <b>$firstName $lastName,</b></p>\r\n                <p>We wish to inform you that your last login occurred from an unknown location.</p>\r\n\r\n                <p>$cityName, $countryName / $ipAddress</p>\r\n\r\n                <p>If this was not you click <a href=\"$pwResetLink\">here</a> to change your password now, otherwise, you can ignore this message.</p>\r\n                <p> - The <b>your-site-name</b> team</p>\r\n            </div>\r\n        </div>\r\n    </div>\r\n</body>\r\n</html>"}},"passwordResetNotification":{"defaultLanguage":"en","emailTemplates":{"en":"<html xmlns=\"http://www.w3.org/1999/xhtml\">\r\n    <head>\r\n\t\t<META name=\"from\" content=\"Name <noreply@YOUR-SITE.com>\" />\r\n\t\t<META name=\"subject\" content=\"Password Reset\" />\r\n    </head>\r\n    <body style=\"font-family: Arial; font-size: 13px; line-height: 16px;\">\r\n        <div style=\"background: url('https://cdns.gigya.com/site/images/email/background.png') repeat-x; width: 720px; padding:13px 0; margin:0 auto;\">\r\n            <div style=\"background: #fff; border-radius: 3px; margin: 0 auto; width: 693px; \">\r\n                <div style=\"padding:30px 30px 29px;margin: 0px auto;\">\r\n\t\t            <p>Hello <b>$firstName $lastName</b>,</p>\r\n                    <p>You have successfully changed your password.</p>\r\n\t\t            <p>If this was you, it's all good. If it's not, click <a href=\"$pwResetLink\">here</a> to recover your account</p>\r\n                </div>\r\n            </div>\r\n        </div>\r\n    </body>\r\n</html>\r\n\r\n\r\n"}}}