{"callId":"05517728beab4d1ea2aee69a1c21d502","errorCode":0,"apiVersion":2,"statusCode":200,"statusReason":"OK","time":"2023-01-11T17:29:19.646Z","magicLink":{"defaultLanguage":"en","urlPlaceHolder":"$url","emailTemplates":{"en":"cdc-toolbox-email-templates/MagicLink/en.html"}},"codeVerification":{"defaultLanguage":"en","codePlaceHolder":"$code","emailTemplates":{"en":"cdc-toolbox-email-templates/CodeVerification/en.html"}},"emailVerification":{"defaultLanguage":"en","emailTemplates":{"en":"cdc-toolbox-email-templates/EmailVerification/en.html"},"verificationEmailExpiration":86400,"autoLogin":false},"emailNotifications":{"welcomeEmailDefaultLanguage":"en","accountDeletedEmailDefaultLanguage":"en","confirmationEmailDefaultLanguage":"en"},"preferencesCenter":{"defaultLanguage":"en","emailTemplates":{"en":"cdc-toolbox-email-templates/LitePreferencesCenter/en.html"},"linkPlaceHolder":"$link"},"doubleOptIn":{"defaultLanguage":"en","confirmationEmailTemplates":{"de":"cdc-toolbox-email-templates/DoubleOptInConfirmation/de.html","no":"cdc-toolbox-email-templates/DoubleOptInConfirmation/no.html","fi":"cdc-toolbox-email-templates/DoubleOptInConfirmation/fi.html","ru":"cdc-toolbox-email-templates/DoubleOptInConfirmation/ru.html","pt":"cdc-toolbox-email-templates/DoubleOptInConfirmation/pt.html","bg":"cdc-toolbox-email-templates/DoubleOptInConfirmation/bg.html","es-inf":"cdc-toolbox-email-templates/DoubleOptInConfirmation/es-inf.html","fr-inf":"cdc-toolbox-email-templates/DoubleOptInConfirmation/fr-inf.html","hr":"cdc-toolbox-email-templates/DoubleOptInConfirmation/hr.html","fr":"cdc-toolbox-email-templates/DoubleOptInConfirmation/fr.html","hu":"cdc-toolbox-email-templates/DoubleOptInConfirmation/hu.html","zh-cn":"cdc-toolbox-email-templates/DoubleOptInConfirmation/zh-cn.html","uk":"cdc-toolbox-email-templates/DoubleOptInConfirmation/uk.html","sk":"cdc-toolbox-email-templates/DoubleOptInConfirmation/sk.html","sl":"cdc-toolbox-email-templates/DoubleOptInConfirmation/sl.html","id":"cdc-toolbox-email-templates/DoubleOptInConfirmation/id.html","de-inf":"cdc-toolbox-email-templates/DoubleOptInConfirmation/de-inf.html","ca":"cdc-toolbox-email-templates/DoubleOptInConfirmation/ca.html","sr":"cdc-toolbox-email-templates/DoubleOptInConfirmation/sr.html","sv":"cdc-toolbox-email-templates/DoubleOptInConfirmation/sv.html","ko":"cdc-toolbox-email-templates/DoubleOptInConfirmation/ko.html","zh-hk":"cdc-toolbox-email-templates/DoubleOptInConfirmation/zh-hk.html","zh-tw":"cdc-toolbox-email-templates/DoubleOptInConfirmation/zh-tw.html","ms":"cdc-toolbox-email-templates/DoubleOptInConfirmation/ms.html","pt-br":"cdc-toolbox-email-templates/DoubleOptInConfirmation/pt-br.html","el":"cdc-toolbox-email-templates/DoubleOptInConfirmation/el.html","en":"cdc-toolbox-email-templates/DoubleOptInConfirmation/en.html","it":"cdc-toolbox-email-templates/DoubleOptInConfirmation/it.html","es-mx":"cdc-toolbox-email-templates/DoubleOptInConfirmation/es-mx.html","es":"cdc-toolbox-email-templates/DoubleOptInConfirmation/es.html","nl-inf":"cdc-toolbox-email-templates/DoubleOptInConfirmation/nl-inf.html","cs":"cdc-toolbox-email-templates/DoubleOptInConfirmation/cs.html","ar":"cdc-toolbox-email-templates/DoubleOptInConfirmation/ar.html","vi":"cdc-toolbox-email-templates/DoubleOptInConfirmation/vi.html","th":"cdc-toolbox-email-templates/DoubleOptInConfirmation/th.html","ja":"cdc-toolbox-email-templates/DoubleOptInConfirmation/ja.html","tl":"cdc-toolbox-email-templates/DoubleOptInConfirmation/tl.html","fa":"cdc-toolbox-email-templates/DoubleOptInConfirmation/fa.html","pl":"cdc-toolbox-email-templates/DoubleOptInConfirmation/pl.html","da":"cdc-toolbox-email-templates/DoubleOptInConfirmation/da.html","he":"cdc-toolbox-email-templates/DoubleOptInConfirmation/he.html","ro":"cdc-toolbox-email-templates/DoubleOptInConfirmation/ro.html","nl":"cdc-toolbox-email-templates/DoubleOptInConfirmation/nl.html","tr":"cdc-toolbox-email-templates/DoubleOptInConfirmation/tr.html"},"nextURL":"","confirmationLinkExpiration":1209600},"passwordReset":{"defaultLanguage":"en","emailTemplates":{"en":"cdc-toolbox-email-templates/PasswordReset/en.html"},"requireSecurityCheck":false,"tokenExpiration":3600,"sendConfirmationEmail":false},"twoFactorAuth":{"providers":[{"name":"gigyaPhone","enabled":true}],"emailProvider":{"defaultLanguage":"en","emailTemplates":{"en":"cdc-toolbox-email-templates/TFAEmailVerification/en.html"}},"smsProvider":{}},"impossibleTraveler":{"defaultLanguage":"en","emailTemplates":{"en":"cdc-toolbox-email-templates/ImpossibleTraveler/en.html"}},"unknownLocationNotification":{"defaultLanguage":"en","emailTemplates":{"en":"<html xmlns=\"http://www.w3.org/1999/xhtml\">\r\n<head>\r\n    <META name=\"from\" content=\"Name <noreply@example.com>\" />\r\n    <META name=\"subject\" content=\"unknown-login-location\" />\r\n</head>\r\n<body style=\"font-family: Arial; font-size: 13px; line-height: 16px;\">\r\n    <div style=\"background: url('') repeat-x; width: 720px; padding:13px 0; margin:0 auto;\">\r\n        <div style=\"background: #fff; border-radius: 3px; margin: 0 auto; width: 693px;\">\r\n            <div style=\"padding:30px 30px 29px;margin: 0px auto;\">\r\n                <p>Dear <b>$firstName $lastName,</b></p>\r\n                <p>We wish to inform you that your last login occurred from an unknown location.</p>\r\n\r\n                <p>$cityName, $countryName / $ipAddress</p>\r\n\r\n                <p>If this was not you click <a href=\"$pwResetLink\">here</a> to change your password now, otherwise, you can ignore this message.</p>\r\n                <p> - The <b>your-site-name</b> team</p>\r\n            </div>\r\n        </div>\r\n    </div>\r\n</body>\r\n</html>"}},"passwordResetNotification":{"defaultLanguage":"en","emailTemplates":{"en":"<html xmlns=\"http://www.w3.org/1999/xhtml\">\r\n    <head>\r\n\t\t<META name=\"from\" content=\"Name <noreply@YOUR-SITE.com>\" />\r\n\t\t<META name=\"subject\" content=\"Password Reset\" />\r\n    </head>\r\n    <body style=\"font-family: Arial; font-size: 13px; line-height: 16px;\">\r\n        <div style=\"background: url('https://cdns.gigya.com/site/images/email/background.png') repeat-x; width: 720px; padding:13px 0; margin:0 auto;\">\r\n            <div style=\"background: #fff; border-radius: 3px; margin: 0 auto; width: 693px; \">\r\n                <div style=\"padding:30px 30px 29px;margin: 0px auto;\">\r\n\t\t            <p>Hello <b>$firstName $lastName</b>,</p>\r\n                    <p>You have successfully changed your password.</p>\r\n\t\t            <p>If this was you, it's all good. If it's not, click <a href=\"$pwResetLink\">here</a> to recover your account</p>\r\n                </div>\r\n            </div>\r\n        </div>\r\n    </body>\r\n</html>\r\n\r\n\r\n"}}}